{
  "project_info": {
    "project_number": "5616149452",
    "firebase_url": "https://maadd-526fe-default-rtdb.firebaseio.com",
    "project_id": "maadd-526fe",
    "storage_bucket": "maadd-526fe.appspot.com"
  },
  "client": [
    {
      "client_info": {
        "mobilesdk_app_id": "1:5616149452:android:6d122a8490f67cb183b369",
        "android_client_info": {
          "package_name": "com.example.newwmad"
        }
      },
      "oauth_client": [
        {
          "client_id": "5616149452-r5np9jk7u1lup36jup52tt0j94q2cf38.apps.googleusercontent.com",
          "client_type": 3
        }
      ],
      "api_key": [
        {
          "current_key": "AIzaSyDwyyI2Vv2Pc4uwNC6RtpGVRopNT_AB-y4"
        }
      ],
      "services": {
        "appinvite_service": {
          "other_platform_oauth_client": [
            {
              "client_id": "5616149452-r5np9jk7u1lup36jup52tt0j94q2cf38.apps.googleusercontent.com",
              "client_type": 3
            }
          ]
        }
      }
    }
  ],
  "configuration_version": "1"
}